text,article_posted_date,total_likes,article_title,article_sub_title,article_link
"ğŸ€ Season 5 of the Extrastaff Basketball League wrapped up with a high-energy Finals Night at Kelston Boys High School!

This season brought together the best of Extrastaff Elite and Extrastaff Division teams, with 6 teams walking away with prize money after a fierce competition. 

Big shoutout to Oscar Dunn & Charles Wilkie, who were courtside for the action, joining Dennis & Mikee from Workers First Union to present the trophies to our winners and runners-up. ğŸ†ğŸ‘

Weâ€™re already looking ahead to Season 6, and this time, weâ€™re planning to enter an Extrastaff Internal Team into the mix. Letâ€™s go! ğŸ’ª

_
#ExtrastaffBasketball #Season5Finals #TeamSpirit #Community #WorkersFirstUnion #GameOn",11h,8,,,https://www.linkedin.com/posts/extrastaff-recruitment_extrastaffbasketball-season5finals-teamspirit-activity-7381061274039705600-ZFx3
"At Extrastaff, we donâ€™t just recruit: we support, welcome, and walk alongside those starting new chapters in New Zealand.

Anita Sharp's story is a beautiful reminder of what this work truly means. From being a trusted, familiar face to helping new arrivals feel at home, she truly embodies the heart of our mission.

To our newest recruits from the Philippines, weâ€™re so glad youâ€™re here. ğŸ‡µğŸ‡­ğŸ‡³ğŸ‡¿

_
#TeamExtrastaff #PeopleFirst #GlobalTalent #NewBeginnings #RecruitmentWithPurposeWork at Extrastaff Recruitment Ltd as a Recruitment Consultant has been nothing short of exhilarating, challenging, rewarding, and full of moments that remind me why I love what I do.

This week was different. I got to meet two of our new recruits from the Philippines as they arrived in New Zealand, excited, nervous, already missing home, but driven by purpose. They came here to challenge themselves and create better opportunities for their families.

Coming from Argentina, I can fully relate. I also left home seeking growth, a better lifestyle, and new challenges.

From the ES team helping organize their schedules, accommodation, and inductions, to showing them a bit of Auckland, Iâ€™ve realized how much trust they place in us. Becoming a familiar face for them in a new country is something I take seriously, and proudly.

Helping others find their footing while chasing their goals is what makes this journey so worthwhile. ğŸ‡µğŸ‡­ğŸ‡¦ğŸ‡·ğŸ‡³ğŸ‡¿",1d,5,,,https://www.linkedin.com/posts/extrastaff-recruitment_teamextrastaff-peoplefirst-globaltalent-activity-7380735057029849088-5SAU
"ğŸ’§ Waterproofers Wanted â€“ Auckland
Skilled in waterproofing or confident on the tools? Weâ€™ve got full-time work ready to go across Auckland!

ğŸ“ Auckland-based
ğŸ“… Ongoing, full-time work
ğŸ› ï¸ Torch-on, membrane & general waterproofing
ğŸš€ Supportive teams & real growth

Weâ€™re after reliable tradies or labourers with waterproofing skills. Shingle roofing experience is a bonus, but not essential â€” the right attitude matters most.

â€¢ Immediate starts
â€¢ Great crews, solid projects
â€¢ Opportunity to upskill and grow

If youâ€™re ready to get stuck in and take your skills to the next level, we want to hear from you.

Apply now: https://lnkd.in/dHb9Meep
Letâ€™s build something watertight together!

_
#Extrastaff #WaterproofingJobs #ConstructionJobsNZ #AucklandJobs #TradieLife #HiringNow #RoofingJobs #SkilledLabour #NZConstruction #WorkWithUs",5d,3,,,https://www.linkedin.com/posts/extrastaff-recruitment_extrastaff-waterproofingjobs-constructionjobsnz-activity-7379257338450399232--9IL
"When you need hands on deck, fast.

At Extrastaff, we specialise in providing casual and temporary industrial staff when and where you need them most. Whether itâ€™s filling a last-minute gap or scaling up for a major project, we move quickly, without compromising on quality.

ğŸ¦º Skilled & unskilled workers available
âš™ï¸ Warehousing, logistics, manufacturing & more
ğŸ“ Nationwide reach, local expertise
ğŸ“ Fast, reliable cover, same-day if needed
ğŸ” Pre-screened, vetted & ready to work

Big projects or small crews, weâ€™ve got your back. Our responsive approach means whether you need someone for three months or three hours, youâ€™ll get people who show up, work hard, and get the job done right.

Tight spot? Weâ€™ve got you.
Letâ€™s talk about your staffing needs.",1w,1,,,https://www.linkedin.com/posts/extrastaff-recruitment_when-you-need-hands-on-deck-fast-at-extrastaff-activity-7378559422312198144-M8bU
"Extrastaff: New Zealandâ€™s Largest Skilled Labour Provider

Part of the Infrawork Group, Extrastaff connects quality workers with great jobs nationwide. Since 1965, weâ€™ve supported over 500 clients, from government to major corporates, with flexible labour solutions for projects big and small.

Our skilled workforce includes local and migrant workers, all vetted through rigorous processes to ensure reliability and safety.

We provide staff across six sectors: Trades & Construction, Manufacturing, Health, Industrial, Office, and Horticulture, ready to meet your needs, whether itâ€™s one worker or hundreds.

Contact us:
Auckland | Christchurch | 0800 662 511

Extrastaff: Skilled people. Flexible solutions. Stronger projects.",1w,17,,,https://www.linkedin.com/posts/extrastaff-recruitment_extrastaff-new-zealands-largest-skilled-activity-7377078988839669760-cedr
"Looking out for people. Looking out for jobs.
Itâ€™s more than a tagline, itâ€™s how we work.

We show up on site, check in with our crews, and make sure people feel seen, safe, and supported.

We match the right people with the right jobs, not just to get work done, but to build trust and long-term partnerships.

Because at the end of the day, itâ€™s about people.
And weâ€™ve got their backs.",2w,9,,,https://www.linkedin.com/posts/extrastaff-recruitment_looking-out-for-people-looking-out-for-jobs-activity-7375990192236744704-j7ZC
"On Site with Summit Scaffolding Ltd ğŸ—ï¸

Anita Sharp dropped in to see our awesome clients at Summit, industry leaders in commercial, industrial, and residential scaffolding across Hamilton, the Waikato, and Bay of Plenty.

Summitâ€™s reputation for safety, efficiency, and top-tier workmanship speaks for itself, and it's always great to see their projects in action.

Client visits like this are an important part of what we do.
â€¢ Checking in on project progress
â€¢ Catching up with our hard-working boys on site
â€¢ Dropping off fresh PPE
â€¢ Seeing what phase jobs are in and where support is needed next

Big thanks to the Summit team for having us, itâ€™s always a pleasure working with crews who take pride in what they do.

Stronger partnerships. Safer sites. Solid people.",2w,24,,,https://www.linkedin.com/posts/extrastaff-recruitment_on-site-with-summit-scaffolding-ltd-activity-7374265022799249408-tGq_
"Mahi done right, and lunch served hot ğŸ”

Today wasnâ€™t just about getting the job done. It was about showing up, saying thanks, and sharing a meal with the legends who keep the wheels turning.

The boys put in the hard yards day in, day out, so we fired up the grill and served up some well-earned burgers.

Because recognition doesnâ€™t always need a speech. Sometimes, itâ€™s just a full plate, a good laugh, and a moment to breathe.

At Extrastaff, we back our crews, not just with work, but with real support where it counts.

Work hard. Eat well. Stay solid.",3w,19,,,https://www.linkedin.com/posts/extrastaff-recruitment_mahi-done-right-and-lunch-served-hot-activity-7373492006066675712-gN4D
"ğŸš› Truck Drivers with Paving Experience â€“ We Need You!
Ready to roll into full-time, long-term work in Auckland? We're hiring experienced Class 2 / 4 / 5 Drivers to join top-tier civil projects across the region.

ğŸ“ Auckland-based
ğŸ“… Ongoing, long-term work
ğŸ›£ï¸ Civil projects, paving & roading
ğŸ‘·â™‚ï¸ Great team, great opportunities

Weâ€™re after skilled, safety-focused drivers with a background in asphalt or surfacing. If you know your way around a paving crew and want steady work with a great team, letâ€™s talk.

â€¢ Full PPE & support provided
â€¢ Overtime available
â€¢ Growth & upskilling potential

Apply now: https://lnkd.in/dE_pG-82 

Drive your civil career forward with Extrastaff!

_
#Extrastaff #TruckDriverJobs #AucklandJobs #CivilJobsNZ #PavingCrew #TransportJobsNZ #Class2Driver #Class4Driver #Class5Driver #AsphaltJobs #HiringNow #DriveWithUs",3w,8,,,https://www.linkedin.com/posts/extrastaff-recruitment_extrastaff-truckdriverjobs-aucklandjobs-activity-7371656709213360128-OQBp
"Itâ€™s more than just work.

Behind every high-vis vest is a person, putting in the hours, doing the mahi, and showing up rain or shine.

Thatâ€™s why we show up too.

Whether itâ€™s a BBQ on-site, a quick yarn, or a simple check-in, itâ€™s our way of saying we see you. Not just for what you do, but for who you are.

These small moments? Theyâ€™re how trust is built. How loyalty is earned. How strong crews, and stronger communities, are formed.

At Extrastaff, weâ€™re not just filling roles.
Weâ€™re backing people. Every day, every site.

Appreciation you can taste.
Support you can count on.",4w,12,,,https://www.linkedin.com/posts/extrastaff-recruitment_its-more-than-just-work-behind-every-high-vis-activity-7370940279341694976-sYA3
